AP,Brier,N,act_pred,act_ratio,act_true,ci_excludes_zero,ci_hi,ci_lo,crps_all,crps_events,crps_none,crpss_vs_clim,delta_AP,event_part,gate_source,h,mag_on_false_pos,mag_on_true_pos,mcr_all,mcr_none,model,n_event,n_false_pos,n_origins,pos_mcr,precision_at_k,prereg,size_ratio,target,verdict,zero_part,zero_share_of_gap
0.47446137531603655,0.005458671752969421,170430,0.0016726075221498563,0.2122580044676098,0.007880068063134425,True,-0.042596296924695076,-0.07313225180734441,0.1299383132638776,16.279722991927194,0.001666117155100241,0.30862112098955186,0.17648526350598598,-0.012377080161014948,gate-head,1,2.4770246482651,5.167555311703569,0.2545377380732257,0.015949629247188568,violet_visitor,1343,710,13,0.5843472941936481,0.47133283693224126,False,0.0,sb,REAL,-0.0456254263031483,0.7866112877611229
0.3923513380646906,0.006533317259519671,170430,0.00024240157249310568,0.030922529940119757,0.007838995482016078,True,-0.06084645391195704,-0.07654644456538814,0.11552839232138179,14.721580274188389,0.00012698651056459602,0.3732651688582199,0.13036173433810722,-0.012409718271045658,gate-head,6,0.29400262178311604,0.8139279246958782,0.038267160458807535,0.0017331336857751012,violet_visitor,1336,767,13,0.06704288925033261,0.4258982035928144,False,0.0,sb,REAL,-0.056395656386684215,0.8196402776268946
0.32258669303642906,0.007593386184148508,170430,4.2906178489702516e-05,0.005302755620014503,0.008091298480314498,True,-0.05275430849418508,-0.07085077429199403,0.11171423476511783,13.803492113448101,2.627258385990178e-05,0.35700598959584007,0.07763161512537517,-0.007540829632723519,gate-head,12,0.06352339770361694,0.07800572553208766,0.005921949546761307,0.000401875760871917,violet_visitor,1379,855,13,0.010185258009370906,0.3799854967367658,False,0.0,sb,REAL,-0.054485643847479316,0.8784256268393151
0.2569123524853163,0.008845400860384722,170430,9.167986856774042e-06,0.0010100193923723334,0.009077040427154844,True,-0.04937451295079441,-0.06746149560095947,0.13454994810259321,14.822665844452173,4.047735754638304e-06,0.3041328552809007,0.03183688345464869,-0.002022526667150675,gate-head,18,0.010164962936068113,0.03715499140907498,0.0012392688012525868,6.47637716610916e-05,violet_visitor,1547,1076,13,0.002296831195997019,0.3044602456367162,False,0.0,sb,REAL,-0.05678332471538197,0.965606710563646
0.20603893115179714,0.009208830392171987,170430,2.20031684562577e-06,0.0002358490566037736,0.009329343425453265,True,-0.06358433791550192,-0.08106551374661829,0.13307142686864942,14.263735750769763,1.3881485429992893e-07,0.3536986476130842,-0.006295868256362552,-0.011885905320519143,gate-head,24,0.0003315649867374005,0.03363289669448254,0.0006971694472147468,2.2210376755538164e-06,violet_visitor,1590,1131,13,0.0015063454221022562,0.28867924528301886,False,0.0,sb,ARTIFACT,-0.060939539877075635,0.8367891155588608
0.16993993353430153,0.00963674013931055,170430,2.20031684562577e-06,0.00022658610271903323,0.009710731678695066,True,-0.0817273243613275,-0.0869644933051363,0.16870544358243345,17.372885196235064,2.0367352101842025e-06,0.33342105580687953,-0.028388119071341034,-0.021375436397529594,gate-head,30,0.0028112445969179453,0.00487804907124217,0.00026081513891632963,3.258776632719673e-05,violet_visitor,1655,1245,13,6.003353022313261e-05,0.24773413897280966,False,0.0,sb,ARTIFACT,-0.06301058810810832,0.7466945916370135
0.13700560185723565,0.010386706860820102,170430,7.334389485419234e-07,7.026419336706015e-05,0.010438303115648653,True,-0.08408554029696942,-0.08924037384300006,0.8746760033444816,83.79482855536818,1.8529389093453345e-07,0.0903626506545332,-0.02966382769122969,-0.022104153831485007,gate-head,36,0.0,0.0,3.3541063194339256e-06,2.9647021619894076e-06,violet_visitor,1779,1395,13,0.0,0.21585160202360876,True,0.0,sb,ARTIFACT,-0.06478546452355806,0.7456065034010803
0.4173340472917662,0.010853012225809365,170430,0.007853664260986916,0.9966492926284438,0.007880068063134425,True,-0.013305699711642888,-0.04598140514596831,0.15813392996638295,16.782201123416247,0.026094670645422945,0.15859721057293374,0.11935793548171564,-0.008417518284644605,gate-head,1,14.023793443478144,13.674623335126656,2.6583704400421073,0.3111264407634735,bright_starship,1343,746,13,2.013862946504143,0.4445271779597915,False,0.10795453461733731,sb,REAL,-0.021389371477013263,0.7175982347721331
0.17608915295177002,0.016355775837274305,170430,0.021088936806900195,2.690260104790419,0.007838995482016078,True,0.020165923912826126,0.0027172598870619643,0.19568279518830595,14.3517233137889,0.08383689803731068,-0.06156782012966899,-0.08590045077481334,-0.015309025312609447,gate-head,6,11.072048727334256,12.753239329268293,9.650087406018931,1.0616953372955322,bright_starship,1336,1008,13,3.2542393408488945,0.24550898203592814,False,0.11267361111111111,sb,ARTIFACT,0.02665805352180374,2.348928298566306
0.04039873534845727,0.032496792870000776,170430,0.0388891333685384,4.8062907904278465,0.008091298480314498,True,0.14405553810010732,0.1207159659341265,0.30575674049039747,13.352148854327027,0.1993333846688956,-0.7598451369190411,-0.20455634256259664,-0.01119278265935006,gate-head,12,10.128783552339241,6.97313093916278,23.990453147693156,2.651592493057251,bright_starship,1379,1272,13,2.526379248116643,0.0775924583031182,False,0.0625,sb,ARTIFACT,0.14320881490442686,1.0847835105252335
0.020045216928508962,0.05064702733500387,170430,0.05415529836296427,5.966184550743374,0.009077040427154844,True,0.26833836861820837,0.24678258304105277,0.4506458184954459,14.264660455361152,0.3241068498412223,-1.330655815317877,-0.20503025210215864,-0.007087564142500136,gate-head,18,12.262641290208933,26.308239500630986,31.995624561436987,4.2855610847473145,bright_starship,1547,1503,13,2.097832206724984,0.028442146089204912,False,0.0625,sb,ARTIFACT,0.2643775831528202,1.0275469844099
0.012744296932305449,0.06708712217118218,170430,0.06372080912984804,6.830149371069183,0.009329343425453265,True,0.33912795415522023,0.31496479534712524,0.5325836927000328,13.778744094796572,0.40784195472719753,-1.586652664294395,-0.19959050247585425,-0.016410559037572325,gate-head,24,12.107889039088908,10.834239451781563,40.26604585318353,5.344025611877441,bright_starship,1590,1567,13,2.487628007944136,0.014465408805031447,False,0.05,sb,ARTIFACT,0.3430973796713609,1.0502333060321656
0.010984516525821228,0.07855750163301883,170430,0.06858534295605234,7.062839879154079,0.009710731678695066,True,0.3936041140910952,0.37792029029973995,0.6387257167949043,16.89465162916351,0.4793208441243664,-1.52369517479206,-0.18734353607982135,-0.02601943424710669,gate-head,30,12.085469984509714,7.878676810685326,37.053424059590206,6.266497611999512,bright_starship,1655,1638,13,1.6466600304259447,0.01027190332326284,False,0.05,sb,ARTIFACT,0.41165368295393967,1.0674717931157802
0.01155040567221398,0.08366116937534004,170430,0.07198483248254416,6.896219786396853,0.010438303115648653,True,0.4417357550947804,0.415316480597216,1.3897779531560073,83.32772098162734,0.5254628844777871,-0.4453282457203869,-0.15511902387625134,-0.026979964273807177,gate-head,36,12.875922450379264,16.437499789630664,7.805621386343635,6.826950550079346,bright_starship,1779,1762,13,2.3590905040214887,0.00955593029792018,True,0.0625,sb,ARTIFACT,0.4551922957302897,1.0630060423109255
0.4116678717846629,0.009813635382748069,170430,0.0006322243736431379,0.0802308265078183,0.007880068063134425,True,-0.028015432972337485,-0.061672920216817986,0.14286900243625672,17.70110933760449,0.0034099265159852955,0.23981920136884127,0.11369175997461234,-0.0011764590130679483,gate-head,1,6.420515000662892,9.334081109059163,0.5783417267855141,0.04752546176314354,blazing_meteor,1343,758,13,0.8957955371830035,0.4355919583023083,False,0.0,sb,REAL,-0.04389535827871616,0.9738981234004425
0.2484349671187831,0.007046561994399862,170430,2.823739951886405e-05,0.0036021706586826345,0.007838995482016078,True,-0.059522444169858205,-0.07542629076844452,0.11670308649831317,14.87947055060712,6.348171015175597e-05,0.3668925210456002,-0.013554636607800263,-0.011172017107544953,gate-head,6,0.17119567277638809,2.5917969092440147,0.06190818949427104,0.0009314346825703979,blazing_meteor,1336,920,13,0.052312980228752456,0.31137724550898205,False,0.0,sb,ARTIFACT,-0.05645866337325353,0.8348084474661335
0.15179341627150178,0.007970130510037057,170430,1.8335973713548083e-06,0.00022661348803480782,0.008091298480314498,True,-0.05260746943395477,-0.07064750740773339,0.11186816526577642,13.82565774564767,6.469940913532297e-07,0.356120011276693,-0.09316166163955211,-0.007361480886591941,gate-head,12,0.0009090909090909091,0.01724910394265233,0.0003047821435362914,5.915374458709266e-06,blazing_meteor,1379,1100,13,0.0005222410837893072,0.20232052211747642,False,0.0,sb,ARTIFACT,-0.05451106209295232,0.8810218469761991
0.08734984211671373,0.009037852745402294,170430,0.0,0.0,0.009077040427154844,True,-0.04922463126356862,-0.06742246175115885,0.13464178841753213,14.83322559793148,0.0,0.303657874363941,-0.13772562691395387,-0.001926675357918207,gate-head,18,0.0,0.0,0.0,0.0,blazing_meteor,1547,1295,13,0.0,0.16289592760180996,False,0.0,sb,ARTIFACT,-0.05678733570967553,0.9671854243495623
0.041416412163904424,0.009310099717781812,170430,0.0,0.0,0.009329343425453265,True,-0.0635825421360676,-0.08105023415038433,0.1330810303350349,14.264779874213836,0.0,0.3536520054941966,-0.17091838724425526,-0.011876164334330818,gate-head,24,0.0,0.0,0.0,0.0,blazing_meteor,1590,1423,13,0.0,0.10503144654088051,False,0.0,sb,ARTIFACT,-0.060939677396878486,0.8369013658020982
0.01730846476815522,0.009695639053468643,170430,0.0,0.0,0.009710731678695066,True,-0.08170585522648595,-0.08693692516722408,0.1687261632341724,17.37522658610272,0.0,0.33333918954763553,-0.18101958783748734,-0.021352699788769573,gate-head,30,0.0,0.0,0.0,0.0,blazing_meteor,1655,1617,13,0.0,0.022960725075528703,False,0.0,sb,ARTIFACT,-0.06301260506512937,0.7469018831171474
0.01223525410880439,0.010424239011281849,170430,0.0,0.0,0.010438303115648653,True,-0.08408571792671478,-0.08924073024848912,0.8746758199847444,83.79482855536818,0.0,0.09036284134327355,-0.15443417543966095,-0.022104153831485007,gate-head,36,0.0,0.0,0.0,0.0,blazing_meteor,1779,1762,13,0.0,0.00955593029792018,True,0.0,sb,ARTIFACT,-0.0647856478832952,0.745607040236517
0.4341749459571618,0.007875201654917155,170430,0.0025824385378161122,0.3277177959791511,0.007880068063134425,True,-0.029197158054425444,-0.06291089872595187,0.14177109000510701,16.635223718053556,0.010769257342223025,0.2456610000410958,0.1361988341471112,-0.009575710242645506,gate-head,1,11.406795216046724,13.37928495349294,1.2682238064069176,0.12375175207853317,purple_alien,1343,745,13,1.741710779456491,0.44527177959791514,False,0.025,sb,REAL,-0.0365940194802883,0.7925976543482127
0.3131020782113358,0.006439210975375291,170430,0.0018313970545091826,0.23362649700598798,0.007838995482016078,True,-0.06205336200308337,-0.07528176293568,0.11562016402183084,14.100156131072227,0.005129312471927654,0.37276731270330576,0.051112474484752424,-0.017281059321348963,gate-head,6,7.0751205849676175,7.37971236468071,0.7060714899627623,0.05845047906041145,purple_alien,1336,832,13,0.9725625880348623,0.3772455089820359,False,0.0,sb,REAL,-0.05143254363593185,0.7485059933170353
0.2318707542880369,0.00693292550273618,170430,0.0012329108724989733,0.1523749093546048,0.008091298480314498,True,-0.0535458403819268,-0.07108308525751138,0.11111130213116541,13.399732024410904,0.002712014484101749,0.3604762910585294,-0.01308432362301698,-0.01080777302756184,gate-head,12,3.455394804195354,4.712558299858809,0.36698719040930633,0.028049226850271225,purple_alien,1379,950,13,0.5554439420366656,0.3110949963741842,False,0.0,sb,ARTIFACT,-0.05182163308659341,0.8274329312996774
0.19623171788800567,0.008094011948638331,170430,0.0008918617614269788,0.0982546864899806,0.009077040427154844,True,-0.04948949326104611,-0.06770020930023336,0.13440099126670646,14.553690108598849,0.002317594687341899,0.3049032321523646,-0.02884375114266194,-0.004464030295415022,gate-head,18,3.0062992493381215,2.936576380738484,0.24843117482507285,0.026287799701094627,purple_alien,1547,1141,13,0.2544065030860797,0.26244343891402716,False,0.0,sb,ARTIFACT,-0.05449077792300439,0.9242804712572996
0.17116961698774744,0.008597528129831129,170430,0.0006039869741242739,0.06474056603773586,0.009329343425453265,True,-0.06415742876774774,-0.08143779591382519,0.13262324981808485,14.0774076230988,0.0013024303824277857,0.35587535406844195,-0.041165182420412255,-0.01362422441338326,gate-head,24,1.728775518378433,1.8739725930233524,0.13519300780324814,0.013921834528446198,purple_alien,1590,1225,13,0.12082268395070714,0.22955974842767296,False,0.0,sb,ARTIFACT,-0.059649397834776116,0.8140637244977269
0.15141181129011705,0.009182550514461837,170430,0.00044189696649650885,0.04550604229607251,0.009710731678695066,True,-0.08169196229452808,-0.0869079543087384,0.16872254189299254,17.280563160026407,0.0009246084134440266,0.3333534979761543,-0.04691624131552552,-0.02227195091918263,gate-head,30,1.1083619736424846,1.5296147626846335,0.07254138402809232,0.009186416864395142,purple_alien,1655,1311,13,0.14418887959834656,0.20785498489425983,False,0.0,sb,ARTIFACT,-0.06209697527589617,0.736017134226822
0.12012662835359417,0.010085636544621286,170430,0.00030107668837645957,0.028843451377178194,0.010438303115648653,True,-0.08410016094990606,-0.08931282273743382,0.8746449697041954,83.73708017116613,0.000577977967408955,0.09039492472879906,-0.04654280119487117,-0.022706948970225016,gate-head,36,0.6326030935823302,0.9164737854842786,0.008772665516498449,0.005991663318127394,purple_alien,1779,1455,13,0.06468596293867857,0.1821247892074199,True,0.0,sb,ARTIFACT,-0.06421370302510424,0.738762325765282
0.29797611181005057,0.006881009615384615,170430,0.009272501906941266,1.1767032762472076,0.007880068063134425,False,0.0,0.0,0.18794081972804083,17.85040487714073,0.04765393055793763,0.0,0.0,,frac(samples>0),1,21.924667874396135,48.64502427184466,2.2669247511142583,0.16551427667413818,climatology,1343,828,13,3.8990772091154158,0.383469843633656,False,0.375,sb,reference,,0.0
0.26198960372658336,0.007175852072698469,170430,0.009272501906941266,1.1828686377245508,0.007838995482016078,False,0.0,0.0,0.18433376697911166,16.304655337761975,0.05696822107821685,0.0,0.0,,frac(samples>0),6,24.615570175438595,46.01884095634096,2.72655623747495,0.18226400700202255,climatology,1336,855,13,4.134197414145413,0.36002994011976047,False,0.30059970014992504,sb,reference,,0.0
0.2449550779110539,0.007553573131197559,170430,0.009272501906941266,1.1459844089920233,0.008091298480314498,False,0.0,0.0,0.17374070824532065,14.735459912073967,0.054956372263399805,0.0,0.0,,frac(samples>0),12,22.828789531079607,48.57602813852814,2.8536554192229038,0.18061339477435803,climatology,1379,917,13,4.110409403572192,0.3350253807106599,False,0.25,sb,reference,,0.0
0.2250754690306676,0.008464504305286629,170430,0.009272501906941266,1.021533613445378,0.009077040427154844,False,0.0,0.0,0.19335579948512585,15.045483698287008,0.05730751837070635,0.0,0.0,,frac(samples>0),18,21.84873798076923,42.40569526627219,2.371641717871617,0.18676909458027155,climatology,1547,1040,13,3.410036474470383,0.3277310924369748,False,0.17708333333333334,sb,reference,,0.0
0.2123347994081597,0.008760813640497566,170430,0.009272501906941266,0.9939072327044025,0.009329343425453265,False,0.0,0.0,0.2058968720662442,15.537770243710693,0.06151355850953565,0.0,0.0,,frac(samples>0),24,22.76004879182156,38.81043287937743,2.399456042502535,0.19575374615020139,climatology,1590,1076,13,3.4847447985728204,0.3232704402515723,False,0.16666666666666666,sb,reference,,0.0
0.19832805260564257,0.009237548957049814,170430,0.009272501906941266,0.9548716012084592,0.009710731678695066,False,0.0,0.0,0.25309146808807137,19.574103096676737,0.06363050381424974,0.0,0.0,,frac(samples>0),30,22.3503937007874,37.534423828125,1.8925463381555154,0.2007706265738409,climatology,1655,1143,13,3.3640659436515397,0.3093655589123867,False,0.11931818181818182,sb,reference,,0.0
0.16666942954846534,0.010279765702927888,170430,0.009272501906941266,0.8883150646430579,0.010438303115648653,False,0.0,0.0,0.9615656216995248,85.91242885750421,0.06546903349965313,0.0,0.0,,frac(samples>0),36,20.626792635658916,38.38458588957055,0.36507477980291275,0.20423945010702574,climatology,1779,1290,13,3.182731558840977,0.2748735244519393,False,0.022058823529411766,sb,reference,,0.0
0.40388608559487893,0.0026214257348918294,170430,0.0006248899841577188,0.1789915966386555,0.003491169395059555,True,-0.00513231685474508,-0.008513342054574005,0.07977484807656031,22.615651278761256,0.0008226504950406403,0.07957950081153409,0.2144181691342473,0.0033345114833828976,gate-head,1,2.7162463841876927,4.4588178288798,0.20405857887687753,0.00982313696295023,violet_visitor,595,337,13,0.4857148772044732,0.4336134453781513,False,0.0,ns,REAL,-0.010231840033590171,1.4834497094215828
0.25626802975734514,0.002911784880133506,170430,0.00011918382913806254,0.03633720930232558,0.0032799389778794814,True,-0.006397523222363712,-0.009618007803764426,0.06348945498235888,19.32342911455347,0.00011014792170549074,0.11281235966619407,0.10603695272360558,0.003842532491553075,gate-head,6,0.3080000027020772,0.5315896664624629,0.0335791729654329,0.0015622148057445884,violet_visitor,559,375,13,0.07022298064949509,0.3291592128801431,False,0.0,ns,REAL,-0.011915678357049618,1.4759647051560765
0.1534913094178582,0.0030540445535031315,170430,1.6869095816464237e-05,0.005324074074074074,0.0031684562577011088,True,-0.00702329218733127,-0.010992655756598675,0.05108743784103818,16.119126157531582,1.4738396498217255e-05,0.15121867072261042,0.006195698899986335,0.0032889006854254226,gate-head,12,0.032463592739359844,0.1889648507349193,0.007232767714275679,0.0002277208841405809,violet_visitor,540,412,13,0.011223728276482934,0.23703703703703705,False,0.0,ns,REAL,-0.012390625917203062,1.3613491510315652
0.11416164981166078,0.003128095446277508,170430,2.9337557941676936e-06,0.000922509225092251,0.0031801912808777795,True,-0.009124756377250024,-0.012935907978896526,0.03757831752252174,11.806273062730627,3.221331326156591e-05,0.22979554802898594,-0.01761770643210807,0.0017257818459191449,gate-head,18,0.015843025750892106,0.0,0.013683775884780003,0.0005154130049049854,violet_visitor,542,430,13,0.0,0.2066420664206642,False,0.0,ns,ARTIFACT,-0.012937519257974647,1.1539263525797063
0.08921567057911473,0.002995366852846516,170430,7.334389485419234e-07,0.00024271844660194176,0.003021768467992724,True,-0.013159208050959338,-0.014419656117980989,0.031053438361790763,10.275728155339806,2.5748168201747932e-06,0.3076838960818641,-0.019370698120823593,0.00014290599512996636,gate-head,24,0.002572639225181598,0.0,0.0013227513074500884,4.119706864003092e-05,violet_visitor,515,413,13,0.0,0.19805825242718447,False,0.0,ns,ARTIFACT,-0.013943889170040488,1.0103547691725152
0.05566657938346203,0.002639768750806945,170430,0.0,0.0,0.0026521152379275948,True,-0.014002275494337852,-0.015179518350642492,0.029161532594026873,10.995575221238939,0.0,0.33412952528886375,-0.03919374529574126,-0.0002191148858768976,gate-head,30,0.0,0.0,0.0,0.0,violet_visitor,452,388,13,0.0,0.1415929203539823,False,0.0,ns,ARTIFACT,-0.014413954776154432,0.9850260477850769
0.03293932519783449,0.0022874023313296183,170430,0.0,0.0,0.002294197031039136,True,-0.014997552147509242,-0.015693108974358976,0.02729566390893622,11.89769820971867,0.0,0.3602234816943781,-0.04886749429439988,-0.0007400857390130864,gate-head,36,0.0,0.0,0.0,0.0,violet_visitor,391,360,13,0.0,0.0792838874680307,False,0.0,ns,ARTIFACT,-0.014628623188405796,0.9518446381860535
0.3351356438242348,0.004706988385559056,170430,0.0028772809951299653,0.8241596638655462,0.003491169395059555,True,0.011655391511667279,0.0068361012150008294,0.0958104364965982,23.084591654747598,0.015271532119647957,-0.1054347568676195,0.14566772736360314,0.004971661772134137,gate-head,1,13.95161368617768,9.529708782920922,2.8028293600622214,0.21508890390396118,bright_starship,595,372,13,1.5206792934977902,0.37478991596638656,False,0.0,ns,UNDECIDABLE,0.004166598097696479,0.4559509312546731
0.0188591787384059,0.004597571976427637,170430,0.005405445050753975,1.6480322003577816,0.0032799389778794814,True,0.047258073561891246,0.0318895945637421,0.11081902574457524,19.476988751857753,0.04709014396429923,-0.5485606228898854,-0.13137189829533366,0.004346198731376431,gate-head,6,13.003149430420416,6.0733692944049835,11.476329146320246,0.7239809632301331,bright_starship,559,536,13,1.419459113538808,0.04114490161001789,False,0.0,ns,ARTIFACT,0.034910226165343394,0.8892869449316672
0.0071296258793820825,0.005898276606163564,170430,0.00869858592970721,2.7453703703703702,0.0031684562577011088,True,0.10320274702938455,0.07935105676414887,0.15097111881815126,17.301244475733903,0.0964585070532769,-1.508277422557097,-0.14016598463848978,0.007034390868076675,gate-head,12,3.8491745564172852,0.9500000953674317,30.4781645616406,1.4936797618865967,bright_starship,540,530,13,12.003725769029169,0.018518518518518517,False,0.0,ns,ARTIFACT,0.08374756487725876,0.9225133363747993
0.005001267217533147,0.0071167874351778255,170430,0.011785263744645896,3.705834870848709,0.0031801912808777795,True,0.18552665561281978,0.13387732457963836,0.20827038943152676,11.793444423905378,0.17130977816595871,-3.2687057784787745,-0.12677808902623572,0.0016849843205815566,gate-head,18,6.6054105352777155,0.2604166766007741,70.90058726768117,2.6559548377990723,bright_starship,542,536,13,2.1774120154512087,0.01107011070110701,False,0.0,ns,ARTIFACT,0.15779535017636798,0.9894345323146173
0.0032842230345739307,0.00810422611746307,170430,0.01364049756498269,4.514077669902913,0.003021768467992724,True,0.21696273216253062,0.1639917203574101,0.2343156837951321,10.284450856089881,0.203854455453127,-4.223914962394682,-0.10530214566536439,0.00016926397721228075,gate-head,24,5.269941730200085,0.0,101.89366316849413,3.1673431396484375,bright_starship,515,514,13,1.2230812883133508,0.001941747572815534,False,0.0,ns,ARTIFACT,0.1892919982812185,0.9991066037711634
0.0027419285952246086,0.008118052000823186,170430,0.0142730886581001,5.381775442477877,0.0026521152379275948,True,0.1951272686965303,0.165421571118812,0.22341260853550446,11.26337807758225,0.19405548942591894,-4.101373160766617,-0.09211839608397868,0.000491129150191731,gate-head,30,5.124028130769729,19.156253814697266,103.35648670954484,3.0050816535949707,bright_starship,452,450,13,2.354078097136154,0.004424778761061947,False,0.0,ns,ARTIFACT,0.17912687712925454,0.9972657020286284
0.002476135302914755,0.008261403262645253,170430,0.014925849322302412,6.50591432225064,0.002294197031039136,True,0.2470393784727638,0.2004817564215736,0.2643455655740645,11.998231666824777,0.23736381747163493,-5.1959322966728525,-0.07933068418931961,-0.000509442180200153,gate-head,36,11.239047029122863,2.979166587193807,134.94572134850256,3.6789298057556152,bright_starship,391,388,13,1.0211167105546517,0.0076726342710997444,False,0.0,ns,ARTIFACT,0.22219063491790958,1.0022980848032648
0.3074598754772189,0.005748360837958778,170430,8.80126738250308e-05,0.025210084033613446,0.003491169395059555,False,0.0022611921393492673,-0.003954390962099137,0.08553126577445509,23.526917009418753,0.0034067065406790417,0.013163519098240095,0.1179919590165873,0.006515894513020936,gate-head,1,18.79814724360733,4.29137693317952,0.727781802519683,0.05418272316455841,blazing_meteor,595,379,13,0.12776648792679912,0.3630252100840336,False,0.0,ns,UNDECIDABLE,-0.00765680536533342,6.711133783865731
0.09349618415248848,0.0032267804064806775,170430,0.0,0.0,0.0032799389778794814,True,-0.006066356055271959,-0.009255605307164232,0.06384439359267735,19.46511627906977,0.0,0.10785252581285099,-0.05673489288125108,0.004307257745115305,gate-head,6,0.0,0.0,0.0,0.0,blazing_meteor,559,460,13,0.0,0.1771019677996422,False,0.0,ns,ARTIFACT,-0.012025465000293376,1.5580645352877245
0.021691857401915586,0.0031652528266664756,170430,0.0,0.0,0.0031684562577011088,True,-0.006970466247139588,-0.010921208487355514,0.05115883353869624,16.146296296296295,0.0,0.15003248214624354,-0.12560375311595628,0.003374988081617086,gate-head,12,0.0,0.0,0.0,0.0,blazing_meteor,540,507,13,0.0,0.06111111111111111,False,0.0,ns,ARTIFACT,-0.012405317615736666,1.3737391939978782
0.0165059168747513,0.0031781477449396994,170430,0.0,0.0,0.0031801912808777795,True,-0.009187102109370416,-0.012938532315320073,0.037546206653758143,11.806273062730627,0.0,0.23045369175943786,-0.11527343936901754,0.0017257818459191449,gate-head,18,0.0,0.0,0.0,0.0,blazing_meteor,542,505,13,0.0,0.06826568265682657,False,0.0,ns,ARTIFACT,-0.012969630126738251,1.1534867602992438
0.0036929591921367167,0.0030203787416301113,170430,0.0,0.0,0.003021768467992724,True,-0.013163184665258464,-0.014424039561696885,0.031050871325470866,10.275728155339806,0.0,0.3077411264781539,-0.1048934095078016,0.00014290599512996636,gate-head,24,0.0,0.0,0.0,0.0,blazing_meteor,515,510,13,0.0,0.009708737864077669,False,0.0,ns,ARTIFACT,-0.013946456206360383,1.0103528435035283
0.002546482532750334,0.0026509841012539825,170430,0.0,0.0,0.0026521152379275948,True,-0.014002275494337852,-0.015179518350642492,0.029161532594026873,10.995575221238939,0.0,0.33412952528886375,-0.09231384214645295,-0.0002191148858768976,gate-head,30,0.0,nan,0.0,0.0,blazing_meteor,452,452,13,0.0,0.0,False,0.0,ns,ARTIFACT,-0.014413954776154432,0.9850260477850769
0.0025553351533563204,0.0022931822919744532,170430,0.0,0.0,0.002294197031039136,True,-0.014997552147509242,-0.015693108974358976,0.02729566390893622,11.89769820971867,0.0,0.3602234816943781,-0.07925148433887805,-0.0007400857390130864,gate-head,36,0.0,nan,0.0,0.0,blazing_meteor,391,391,13,0.0,0.0,False,0.0,ns,ARTIFACT,-0.014628623188405796,0.9518446381860535
0.35418906857433863,0.0038254958088165094,170430,0.00040229126327524496,0.1152310924369748,0.003491169395059555,True,-0.0020658624038323854,-0.005350727009090427,0.08293278418533373,23.31957725394486,0.0015255156040229379,0.043144092913884324,0.164721152113707,0.005792036304331351,gate-head,1,2.5351561994656273,10.923185066898489,0.44391443345082304,0.021487031131982803,purple_alien,595,368,13,0.41144977884534234,0.3815126050420168,False,0.0,ns,UNDECIDABLE,-0.009531428745765208,2.548924429582047
0.10310866397341498,0.0031623181647273788,170430,1.2101742650941736e-05,0.003689624329159213,0.0032799389778794814,True,-0.006068402808370521,-0.009254204897853835,0.06384540207090372,19.46407507826476,4.4381100606969145e-06,0.10783843356055123,-0.04712241306032458,0.004303842670011156,gate-head,6,0.018918159296694357,0.0027654867256637168,0.001068376002088022,6.659464270342141e-05,purple_alien,559,446,13,0.00022700168049005258,0.20214669051878353,False,0.0,ns,ARTIFACT,-0.012021041446962855,1.5576949349633271
0.01731759053771366,0.0031516385650001803,170430,3.300475268438655e-06,0.0010416666666666667,0.0031684562577011088,True,-0.0069675542648158385,-0.010917634118121253,0.0511606900562096,16.146296296296295,1.8624185049286149e-06,0.1500016374323685,-0.12997801998015823,0.003374988081617086,gate-head,12,0.0,0.0,0.0005806285762040577,2.9798695322824642e-05,purple_alien,540,511,13,0.0,0.053703703703703705,False,0.0,ns,ARTIFACT,-0.012403461098223304,1.3738160456823003
0.005692671510717133,0.00317186743993006,170430,5.867511588335387e-06,0.001845018450184502,0.0031801912808777795,True,-0.009184909814399629,-0.012933891021798967,0.037550080128467424,11.806273062730627,3.885832399601406e-06,0.230374301098483,-0.1260866847330517,0.0017257818459191449,gate-head,18,0.00035310734463276836,0.0,0.0016506484635071667,6.217331247171387e-05,purple_alien,542,531,13,0.0,0.02029520295202952,False,0.0,ns,ARTIFACT,-0.012965756652028966,1.1535396542865062
0.003659721943056377,0.0030153177581063386,170430,6.60095053687731e-06,0.002184466019417476,0.003021768467992724,True,-0.013161064568256305,-0.014420920154081435,0.03105272784285308,10.275728155339806,1.8621443512967107e-06,0.30769973663700534,-0.10492664675688194,0.00014290599512996636,gate-head,24,0.0,0.0,0.0009566326409490649,2.9794309739372693e-05,purple_alien,515,507,13,0.0,0.015533980582524271,False,0.0,ns,ARTIFACT,-0.01394459968897817,1.0103542361031865
0.0029588258240608855,0.002647840555198669,170430,5.867511588335387e-06,0.002212389380530974,0.0026521152379275948,True,-0.014001938570821958,-0.015178839919638042,0.029162151433117848,10.995575221238939,6.204846878696637e-07,0.3341153948011074,-0.0919014988551424,-0.0002191148858768976,gate-head,30,0.0,0.0,0.00033953722943713167,9.927754945238121e-06,purple_alien,452,447,13,0.0,0.011061946902654867,False,0.0,ns,ARTIFACT,-0.014413335937063457,0.9850254145031277
0.003137891753424797,0.00229007047431662,170430,4.033914216980578e-06,0.0017583120204603582,0.002294197031039136,True,-0.01499687371648184,-0.015692587545106496,0.027296122308279058,11.89769820971867,4.594534195096419e-07,0.3602127373821483,-0.07866892773880957,-0.0007400857390130864,gate-head,36,0.00048828125,0.0,0.00026870163297767243,7.351254680543207e-06,purple_alien,391,384,13,0.0,0.017902813299232736,False,0.0,ns,ARTIFACT,-0.014628164789062958,0.951843201823068
0.18946791646063163,0.0032198199040661857,170430,0.0033800533943554537,0.968172268907563,0.003491169395059555,False,0.0,0.0,0.08667217662676759,21.660523897058823,0.011090336760679482,0.0,0.0,,frac(samples>0),1,13.380974264705882,23.879344919786096,0.9865905517438536,0.05282590455442047,climatology,595,408,13,2.314138218041772,0.3142857142857143,False,0.07325819672131148,ns,reference,,0.0
0.15023107703373956,0.0032396227556768173,170430,0.0033800533943554537,1.0305232558139534,0.0032799389778794814,False,0.0,0.0,0.07156260084785543,18.15190351073345,0.012065037587345692,0.0,0.0,,frac(samples>0),6,14.274720149253731,25.901671974522294,1.2686678614097968,0.0557945440952252,climatology,559,402,13,2.234364476184364,0.2808586762075134,False,0.053125,ns,reference,,0.0
0.14729561051787188,0.0031611447881828318,170430,0.0033800533943554537,1.0667824074074075,0.0031684562577011088,False,0.0,0.0,0.06018916307281582,15.08111255787037,0.012444748256224616,0.0,0.0,,frac(samples>0),12,15.47084407216495,24.59375,1.5832520931299459,0.0579680234269233,climatology,540,388,13,2.2309262130563154,0.2814814814814815,False,0.0625,ns,reference,,0.0
0.13177935624376885,0.003246957145162237,170430,0.0033800533943554537,1.0628459409594095,0.0031801912808777795,False,0.0,0.0,0.04879005493457725,11.26360701107011,0.013011007619725937,0.0,0.0,,frac(samples>0),18,16.241883116883116,22.23487261146497,2.157270667291764,0.05992109507440196,climatology,542,385,13,2.455518491962426,0.2896678966789668,False,0.04952406609195402,ns,reference,,0.0
0.10858636869993832,0.003254291534647656,170430,0.0033800533943554537,1.1185679611650485,0.003021768467992724,False,0.0,0.0,0.044854421536701286,10.228435983009708,0.013988726900214814,0.0,0.0,,frac(samples>0),24,17.43407310704961,21.19649621212121,2.608536470143613,0.06342472706941706,climatology,515,383,13,2.3323011119370367,0.2563106796116505,False,0.03409090909090909,ns,reference,,0.0
0.09486032467920329,0.003022524826908408,170430,0.0033800533943554537,1.274474557522124,0.0026521152379275948,False,0.0,0.0,0.043794602256058204,11.078194137168142,0.014452283898504512,0.0,0.0,,frac(samples>0),30,18.09501445086705,23.17806603773585,2.777540241448692,0.06582028262481027,climatology,452,346,13,2.5928396942999217,0.2345132743362832,False,0.013409961685823753,ns,reference,,0.0
0.08180681949223437,0.0027973590697060375,170430,0.0033800533943554537,1.4733056265984656,0.002294197031039136,False,0.0,0.0,0.0426643728363551,12.220288523017903,0.014662261304759497,0.0,0.0,,frac(samples>0),36,18.93688524590164,26.32921511627907,2.96740649183147,0.06703682684560601,climatology,391,305,13,3.0206405658454214,0.21994884910485935,False,0.003125,ns,reference,,0.0
0.26651851279528965,0.003467942516153501,170430,0.0005658481488000939,0.13601904090267983,0.004160065716129789,True,-0.003047533940006589,-0.00416822634440031,0.027239670443645805,6.369115833784171,0.000746836912094419,0.11813905745646269,0.1326027869260143,0.001655532153394224,gate-head,1,1.566514992292739,1.88507234471396,0.4384040570001866,0.009291351772844791,violet_visitor,709,467,13,0.29175449778480456,0.34132581100141046,False,0.0,os,REAL,-0.005304711787492948,1.45367241939108
0.21067623245743972,0.004088140286237621,170430,7.07768585342956e-05,0.0160405585106383,0.004412368714428211,True,-0.0030912618055402618,-0.004366140285554823,0.02980083923809611,6.733278964497545,9.153366993108198e-05,0.11133430430906799,0.08881423673852294,0.0023175524778627833,gate-head,6,0.25305451542363133,0.3090909199281172,0.057321324140446404,0.0013186741853132844,violet_visitor,752,532,13,0.0437404056150326,0.2925531914893617,False,0.0,os,REAL,-0.006051077604901918,1.620741095614566
0.15216932973030037,0.00424525669640606,170430,1.2468462125212697e-05,0.002833333333333333,0.0044006336912515405,True,-0.003124300938985207,-0.004603128161167466,0.03213899676779656,7.2995989584053556,1.620697979461832e-05,0.10848978324378011,0.05203446467782641,0.0023058403746641846,gate-head,12,0.05825349184901872,0.04723011363636364,0.009112683597671287,0.00024531473172828555,violet_visitor,750,574,13,0.00603495115995116,0.23466666666666666,False,0.0,os,REAL,-0.006216903565501667,1.5895686830287263
0.1381445157982321,0.004591889244589249,170430,1.8335973713548083e-06,0.0003920953575909661,0.004676406735903304,True,-0.0032064289132023075,-0.0047292338222152015,0.03359881531273837,7.18444165621079,1.450742190493595e-06,0.1059566944429029,0.04309380061177456,0.0022996519832189154,gate-head,18,0.0014367817070683822,0.0,0.0006876527970137539,2.321187457710039e-05,violet_visitor,797,609,13,0.0,0.23588456712672523,False,0.0,os,REAL,-0.006281583714721587,1.5775217000897928
0.11109007697535117,0.004896443136659175,170430,3.667194742709617e-07,7.422802850356295e-05,0.004940444757378396,True,-0.0026198359022032505,-0.003983375689432612,0.051497017653875495,10.423559048396674,0.0,0.05999135641163056,0.020532838603454173,0.0031756302074165367,gate-head,24,0.0,0.0011363636363636363,2.1362652770530863e-05,0.0,violet_visitor,842,677,13,7.422802850356295e-05,0.19596199524940616,False,0.0,os,REAL,-0.006462170135832893,1.966253347467085
0.06966713343809117,0.004899609041451668,170430,3.667194742709617e-07,7.449344457687723e-05,0.00492284222261339,True,-0.0032186910953434576,-0.0040185807589626235,0.07284128289491171,14.796185935637665,2.0039022106262853e-06,0.04748787282310163,-0.012053261479996538,0.0028810398697412492,gate-head,30,0.0,0.0,0.00043801357843217966,3.2062434911495075e-05,violet_visitor,839,717,13,0.0,0.14541120381406436,False,0.0,os,ARTIFACT,-0.0065125711434031435,1.793340233811645
0.05065784710643071,0.004754988846535705,170430,0.0,0.0,0.00477028692131667,True,-0.0038072403259402686,-0.004707316603590917,0.06718300768644019,14.083640836408364,0.0,0.05974223105282117,-0.0148949704504713,0.00245440760136126,gate-head,36,0.0,0.0,0.0,0.0,violet_visitor,813,730,13,0.0,0.10209102091020911,False,0.0,os,ARTIFACT,-0.006723091041776683,1.5749799992482933
0.20504663146821306,0.006301108476653615,170430,0.0027133573901308456,0.6522390691114246,0.004160065716129789,True,0.011052343402588932,0.005743042586951309,0.03926286606557105,6.837166075622308,0.010865005013752316,-0.27110157764856435,0.0711309055989377,0.003602651917891314,gate-head,1,16.465318370216032,22.717647972867717,6.75927972824009,0.1576981544494629,bright_starship,709,510,13,1.4805832288118426,0.28067700987306066,False,0.0,os,UNDECIDABLE,0.0047713640699352045,0.5697820587960943
0.03194767562142947,0.006688907833074105,170430,0.005293962330575603,1.1998005319148937,0.004412368714428211,True,0.024480825020906906,0.01753188691545471,0.054465657049348595,6.766466506140088,0.024718579416914008,-0.6241744276499552,-0.0899143200974873,0.002463988148315124,gate-head,6,8.461299167772712,5.013671959750354,12.730770604785523,0.37647080421447754,bright_starship,752,688,13,0.7631182251031873,0.0851063829787234,False,0.0,os,ARTIFACT,0.01846730453589823,0.8822820842702424
0.009848818333988773,0.009436775469298643,170430,0.0075287508067828435,1.7108333333333332,0.0044006336912515405,True,0.04952664368005253,0.04387976161771498,0.08271834574058806,7.308958335474133,0.050777751726560724,-1.2945411418317736,-0.09028604671848518,0.0023470275647221755,gate-head,12,4.181342755975994,12.895834922790527,24.155565105215477,0.7747244834899902,bright_starship,750,741,13,0.6361275375858906,0.012,False,0.0,os,ARTIFACT,0.044321258217231846,0.9497082970716328
0.006743745921328816,0.01239732922103739,170430,0.008620841401161768,1.8434755332496864,0.004676406735903304,True,0.08371517910073692,0.06582772917599777,0.1117938599554753,7.216916946222167,0.07841130408630745,-1.9747641744286946,-0.08830696926512871,0.0024515196481785296,gate-head,18,7.409299348621465,0.5312500074505806,36.012520039160684,1.2070105075836182,bright_starship,797,789,13,1.0261533371616876,0.010037641154328732,False,0.0,os,ARTIFACT,0.07176159326305574,0.9669664894516584
0.005350727760762338,0.01453411829125718,170430,0.008974725693833245,1.816582541567696,0.004940444757378396,True,0.11190652747208682,0.09673642146036841,0.15864004742743013,10.481498647596236,0.10738732352395738,-1.8957602322399865,-0.08520651061113466,0.0034618775965266193,gate-head,24,5.539323837919668,9.697916666666666,32.23187029205532,1.6574374437332153,bright_starship,842,836,13,0.7800466438693353,0.007125890736342043,False,0.0,os,ARTIFACT,0.10039461224861165,0.9666667186452318
0.005395943738066033,0.015551813085656207,170430,0.009034134248665142,1.8351460071513708,0.00492284222261339,True,0.1392440456662504,0.11097557865619673,0.20077976307183118,14.796451312730685,0.12857210800662264,-1.625505092950291,-0.07632445118002167,0.0028823462792996854,gate-head,30,3.711227509004627,0.015625,27.42368070557245,1.9997406005859375,bright_starship,839,835,13,0.4638266946704517,0.004767580452920143,False,0.0,os,ARTIFACT,0.12142460262395786,0.9768126697281991
0.005107671298995102,0.015895616924861775,170430,0.008933286393240626,1.8726937269372692,0.00477028692131667,True,0.14208476411697185,0.10756403203565493,0.19504832748162146,14.009350018630773,0.12883428481547207,-1.7297930168697042,-0.06044514625790691,0.002100019084942898,gate-head,36,4.788425921290009,0.10416666666666667,29.715687620691856,2.000744342803955,bright_starship,813,810,13,0.4556956470771178,0.0036900369003690036,False,0.0,os,ARTIFACT,0.12149661726982296,0.9830090919390791
0.16767789660749818,0.0070584041683163365,170430,0.0002192982456140351,0.05271509167842031,0.004160065716129789,False,0.0014758132346155209,-0.0023393482022724716,0.030243469961730746,6.991620078753832,0.001162707913229971,0.020893627130482928,0.033762170738222824,0.00424519072103777,gate-head,1,2.4234554442796816,21.06964846287455,1.5731362694899367,0.015424580313265324,blazing_meteor,709,534,13,2.3824217268707724,0.2468265162200282,False,0.0,os,UNDECIDABLE,-0.0048905708370515525,7.577814555642599
0.06513749819322492,0.004337508430891472,170430,3.300475268438655e-06,0.0007480053191489362,0.004412368714428211,True,-0.0029228275482594893,-0.004340880190955689,0.0298996242986746,6.772445354055851,1.717407662226021e-05,0.1083885183235972,-0.05672449752569185,0.0024903690298069578,gate-head,6,0.06878932017200398,0.0005387931034482759,0.008602495548539719,0.0002578413696028292,blazing_meteor,752,636,13,2.7703900709219857e-05,0.15425531914893617,False,0.0,os,ARTIFACT,-0.006125109096267606,1.6851573934506885
0.02775516283140709,0.004390183413746197,170430,1.100158422812885e-06,0.00025,0.0044006336912515405,True,-0.0031014749459834443,-0.004598515519568152,0.03215552206175614,7.306666666666667,1.5654466354245568e-06,0.10803138472853369,-0.07237970222106688,0.002336942769758847,gate-head,12,0.00557880022535763,0.0,0.0007299269826924594,2.357378434680868e-05,blazing_meteor,750,717,13,0.0,0.044,False,0.0,os,ARTIFACT,-0.0062314806666367495,1.6000564974941656
0.019044586383627153,0.004671058522329618,170430,0.0,0.0,0.004676406735903304,True,-0.003207250594085548,-0.004731556760840227,0.03359737135480843,7.18444165621079,0.0,0.10599511725361066,-0.07600612880283036,0.0022996519832189154,gate-head,18,0.0,0.0,0.0,0.0,blazing_meteor,797,769,13,0.0,0.03513174404015056,False,0.0,os,ARTIFACT,-0.006283027672651529,1.5773123507580769
0.012682138760350124,0.004936372144543433,170430,0.0,0.0,0.004940444757378396,True,-0.002618335790353811,-0.003981945483482956,0.05149914921081969,10.423990498812351,0.0,0.05995244771277519,-0.07787509961154687,0.0031777617643607373,gate-head,24,0.0,0.0,0.0,0.0,blazing_meteor,842,810,13,0.0,0.03800475059382423,False,0.0,os,ARTIFACT,-0.006462170135832893,1.9675294314684666
0.0067328578289997856,0.004919556023429125,170430,0.0,0.0,0.00492284222261339,True,-0.0032225794681100747,-0.004018690774804905,0.0728392888575955,14.796185935637665,0.0,0.0475139479366945,-0.07498753708908792,0.0028810398697412492,gate-head,30,0.0,0.0,0.0,0.0,blazing_meteor,839,830,13,0.0,0.010727056019070322,False,0.0,os,ARTIFACT,-0.006514565180719357,1.7929048577249862
0.005055562522189881,0.0047673980695562435,170430,0.0,0.0,0.00477028692131667,True,-0.0038072403259402686,-0.004707316603590917,0.06718300768644019,14.083640836408364,0.0,0.05974223105282117,-0.06049725503471213,0.00245440760136126,gate-head,36,0.0,0.0,0.0,0.0,blazing_meteor,813,809,13,0.0,0.004920049200492005,False,0.0,os,ARTIFACT,-0.006723091041776683,1.5749799992482933
0.21669902055046436,0.003945784667402993,170430,0.00034765006160887167,0.08356840620592383,0.004160065716129789,True,-0.002153235732573424,-0.0037565596824772982,0.02792286885316377,6.500776839533188,0.0008828828454679812,0.09602109554469151,0.082783294681189,0.002203250589561875,gate-head,1,2.053750155508518,3.9264353776092165,0.654847401859335,0.011861379258334637,purple_alien,709,500,13,0.6750838076583484,0.2947813822284908,False,0.0,os,REAL,-0.005169231814142632,1.7428403697576678
0.13079382261597441,0.00415068712671397,170430,4.767353165522502e-05,0.010804521276595746,0.004412368714428211,True,-0.0028850749318429414,-0.0042587739855788976,0.029954448863586346,6.762887508326032,0.00011460126569057326,0.10675364120725184,0.00893182689705764,0.0024481962903313745,gate-head,6,0.28499156844756657,0.2330974854013455,0.06861132771766404,0.0018314101034775376,purple_alien,752,593,13,0.022452329890660965,0.21143617021276595,False,0.0,os,REAL,-0.006028111791880273,1.6838698537080354
0.07030856056763089,0.004286839130064914,170430,2.0903010033444815e-05,0.004749999999999999,0.0044006336912515405,True,-0.003011691712707177,-0.004519733860902412,0.032242824213310116,7.3043072916666665,9.96821188380637e-05,0.10560969245800345,-0.029826304484843066,0.00232656002464355,gate-head,12,0.14647533842154387,0.009282178217821782,0.049532389712696696,0.0015941773308441043,purple_alien,750,649,13,6.122134038800705e-05,0.13466666666666666,False,0.0,os,ARTIFACT,-0.006133795769967479,1.6110890368428195
0.06005550367526483,0.004593433586347913,170430,1.6135656867922313e-05,0.0034504391468005015,0.004676406735903304,True,-0.0032005934885127665,-0.004714142168348391,0.03361233809477289,7.183123235608284,2.123149807137495e-05,0.105596861733388,-0.03499521151119269,0.002293486512232602,gate-head,18,0.0775801999964641,0.11484375596046448,0.011580946830677003,0.0003367564349900931,purple_alien,797,717,13,0.006589816425296365,0.10037641154328733,False,0.0,os,ARTIFACT,-0.006261895461700748,1.5779360296372615
0.04209206835060454,0.004885606228119728,170430,1.4302059496567506e-05,0.002894893111638955,0.004940444757378396,True,-0.0026451956997496293,-0.004003920002408705,0.051470430491477176,10.416071295742645,1.0457329806053298e-05,0.06047666922393524,-0.048465170021292456,0.0031386373790723925,gate-head,24,0.033827322468007966,0.07291666756976735,0.0037811900172143053,0.00016731728101149201,purple_alien,842,776,13,0.001604360500555408,0.07838479809976247,False,0.0,os,ARTIFACT,-0.006451764469887057,1.9473338308614698
0.031500465761496246,0.004877545760508114,170430,1.2835181599483659e-05,0.002607270560190703,0.00492284222261339,True,-0.0032011882577600535,-0.00398375615754068,0.07286805341861001,14.795319949344458,3.319106930028657e-05,0.04713780693381331,-0.05021992915659146,0.002876776755852849,gate-head,30,0.0628975856546834,0.007075471698113208,0.007043459444867655,0.0005133674712851644,purple_alien,839,786,13,5.108121913843011e-05,0.0631704410011919,False,0.0,os,ARTIFACT,-0.0064815375058164355,1.7980492896461653
0.020520303373003056,0.0047412307151206475,170430,7.701108959690196e-06,0.0016143911439114391,0.00477028692131667,True,-0.003804724859656279,-0.004705392472381592,0.06718525384314358,14.083640836408364,2.2569228730698216e-06,0.05971079503405141,-0.045032514183898954,0.00245440760136126,gate-head,36,0.006699346171485053,0.0,0.0005349344983973996,3.611076681409031e-05,purple_alien,813,765,13,0.0,0.05904059040590406,False,0.0,os,ARTIFACT,-0.006720844885073277,1.5752827097052249
0.13391572586927536,0.004025571348940914,170430,0.0040999237223493515,0.985543018335684,0.004160065716129789,False,0.0,0.0,0.03088885007774453,5.971157660437235,0.0060737088368557806,0.0,0.0,,frac(samples>0),1,4.521904761904762,7.204823369565218,1.693961391193363,0.03790632862167911,climatology,709,525,13,0.7912575686170803,0.25952045133991536,False,0.015625,os,reference,,0.0
0.12186199571891677,0.00431381285571789,170430,0.0040999237223493515,0.929188829787234,0.004412368714428211,False,0.0,0.0,0.033534364365135245,6.208038979388298,0.006169429190879195,0.0,0.0,,frac(samples>0),6,4.271447140381283,7.5946428571428575,1.5635799136069113,0.037965661429295486,climatology,752,577,13,0.761359599410211,0.2327127659574468,False,0.0,os,reference,,0.0
0.10013486505247396,0.0044443649885583525,170430,0.0040999237223493515,0.9316666666666665,0.0044006336912515405,False,0.0,0.0,0.03605005995863404,6.775619791666666,0.006260589786657237,0.0,0.0,,frac(samples>0),12,4.308793245469523,8.197115384615385,1.4531592153284671,0.03866395568128241,climatology,750,607,13,0.6803151474816334,0.19066666666666668,False,0.0,os,reference,,0.0
0.09505071518645752,0.004724538666901367,170430,0.0040999237223493515,0.8767252195734001,0.004676406735903304,False,0.0,0.0,0.03758074704424104,6.692685461104141,0.00631254771329871,0.0,0.0,,frac(samples>0),18,4.311827956989247,7.422517123287672,1.3907286936779601,0.039354444595096474,climatology,797,651,13,0.6367412829188649,0.18318695106649938,False,0.0,os,reference,,0.0
0.090557238371897,0.004975374787302705,170430,0.0040999237223493515,0.8298693586698337,0.004940444757378396,False,0.0,0.0,0.05478355758229185,9.780776796318289,0.006494254642132698,0.0,0.0,,frac(samples>0),24,4.251436781609195,7.039383561643835,0.9072932095248947,0.03967888352949501,climatology,842,696,13,0.5759062395687518,0.17339667458432304,False,0.0,os,reference,,0.0
0.0817203949180877,0.00501938112421522,170430,0.0040999237223493515,0.8328367103694875,0.00492284222261339,False,0.0,0.0,0.07647281416857361,14.210946811680571,0.0065467940147177625,0.0,0.0,,frac(samples>0),30,4.202258179231864,7.541819852941177,0.6414783711938135,0.04001281023167503,climatology,839,703,13,0.5748689202168772,0.16209773539928488,False,0.0,os,reference,,0.0
0.06555281755690201,0.005020114563163762,170430,0.0040999237223493515,0.859471094710947,0.00477028692131667,False,0.0,0.0,0.07145169112685561,13.569120925584256,0.006755315836561194,0.0,0.0,,frac(samples>0),36,4.291696428571429,8.111725663716815,0.6954858078602619,0.040891759080752516,climatology,813,700,13,0.5489694640168518,0.13899138991389914,False,0.0,os,reference,,0.0
