target,model,h,N,n_event,AP,Brier,crps_all,crps_events,crps_none,size_ratio,pos_mcr,gate_source
sb,zinb_20260724_000250_sample,1,170430,1320,0.014141898605597295,0.009451552690254062,0.15879301725082545,17.932634950869463,0.02005804384667075,0.0,0.6455103681435067,frac(samples>0)
sb,zinb_20260724_000250_sample,2,170430,1318,0.011951952643595918,0.010192692747755677,0.1476711481972241,16.936018115466343,0.01682862192551836,0.0,0.3001778285855568,frac(samples>0)
sb,zinb_20260724_000250_sample,3,170430,1315,0.01013261604477279,0.011193378513172564,0.1461664064300929,16.356725281737603,0.020116766120070868,0.0,0.28968815425077804,frac(samples>0)
sb,zinb_20260724_000250_sample,4,170430,1312,0.009647114409931424,0.011981550343249428,0.1386478321779899,14.522806307352035,0.027057014409163718,0.0,0.29872311275256025,frac(samples>0)
sb,zinb_20260724_000250_sample,5,170430,1295,0.0080759750835192,0.012899449187349645,0.14876048841902167,14.775542954548216,0.03676898285460683,0.0,0.21665524467453887,frac(samples>0)
sb,zinb_20260724_000250_sample,6,170430,1312,0.008205862543452827,0.013669651763187232,0.16362381254353484,14.848120711085091,0.04970300026520537,0.0,0.19800545482791582,frac(samples>0)
sb,zinb_20260724_000250_sample,7,170430,1314,0.008044947293591235,0.01436440180719357,0.1729626906313842,14.496254290636951,0.06167336754895961,0.0,0.2860525582483772,frac(samples>0)
sb,zinb_20260724_000250_sample,8,170430,1308,0.007999918170949792,0.014499629613330987,0.17471661763694696,14.355564313163178,0.06504106516152501,0.0,0.31699561905582063,frac(samples>0)
sb,zinb_20260724_000250_sample,9,170430,1334,0.007992276557671782,0.014959495834066772,0.18512402514557194,14.07134321336446,0.07557550597844796,0.0,0.49314740767000254,frac(samples>0)
sb,zinb_20260724_000250_sample,10,170430,1336,0.008239477622085137,0.015111409376283517,0.18041498108422652,13.661548002221494,0.07390148139624594,0.0,0.26399777302910465,frac(samples>0)
sb,zinb_20260724_000250_sample,11,170430,1345,0.008216059010797356,0.01541927037493399,0.19025268886739544,13.776638011673127,0.08217871270644854,0.0,0.2714492671546462,frac(samples>0)
sb,zinb_20260724_000250_sample,12,170430,1355,0.008124205407197702,0.015409460628997243,0.19147954820386157,13.779670209060956,0.0825811401277926,0.0,0.2212033901138451,frac(samples>0)
sb,zinb_20260724_000250_sample,13,170430,1383,0.008617722998350008,0.015782139294725106,0.20423368436101247,14.916779657382726,0.0838680400095065,0.0,0.645998597608318,frac(samples>0)
sb,zinb_20260724_000250_sample,14,170430,1409,0.008657486352796777,0.015897014170040486,0.2155567926082408,15.304271645183002,0.08977361047538253,0.0,0.2535213454292764,frac(samples>0)
sb,zinb_20260724_000250_sample,15,170430,1423,0.00846770300541878,0.016275193627882416,0.22259202904705044,15.851150738663097,0.09100316560480466,0.0,0.20676733258494448,frac(samples>0)
sb,zinb_20260724_000250_sample,16,170430,1467,0.008792604050532652,0.016420872939036553,0.22494141768469803,15.440982868878429,0.09283005123819078,0.0,0.2666718044833672,frac(samples>0)
sb,zinb_20260724_000250_sample,17,170430,1512,0.008967797545948038,0.016790984568444522,0.22678748302951648,15.455801503018293,0.09047122781560778,0.0,0.1820782072652444,frac(samples>0)
sb,zinb_20260724_000250_sample,18,170430,1527,0.009112506272172086,0.01690668456257701,0.22063374637456656,14.705110103770183,0.08968405692119329,0.0,0.14768167538908944,frac(samples>0)
sb,zinb_20260724_000250_sample,19,170430,1522,0.008902894317889272,0.01697196062899724,0.21620780918263027,14.0795519867185,0.09128767610302722,0.0,0.1559358096904304,frac(samples>0)
sb,zinb_20260724_000250_sample,20,170430,1518,0.009041643207372349,0.01688679003109781,0.22347261176826508,14.55857831112579,0.09464404747665332,0.0,0.1815167898028233,frac(samples>0)
sb,zinb_20260724_000250_sample,21,170430,1546,0.009128630719014515,0.017073816962976003,0.21196266578363188,13.572252992232166,0.0896597309603838,0.0,0.17170707395762497,frac(samples>0)
sb,zinb_20260724_000250_sample,22,170430,1537,0.009199555292720107,0.016966734876488882,0.21585255012043814,13.580300501209036,0.0942302419085929,0.0,0.27661424609501395,frac(samples>0)
sb,zinb_20260724_000250_sample,23,170430,1563,0.009439068144834318,0.016889540427154844,0.2194233890297823,14.254498560794332,0.08951747198578916,0.0,0.25532684575175024,frac(samples>0)
sb,zinb_20260724_000250_sample,24,170430,1579,0.009445916522891062,0.01711534794343719,0.23212040977505866,14.09904409394829,0.10244470458344279,0.0,0.20610419172757583,frac(samples>0)
sb,zinb_20260724_000250_sample,25,170430,1616,0.009388510217547809,0.01742293390248196,0.23410151986652142,14.293809948917847,0.0995126301929935,0.0,0.15943921158929647,frac(samples>0)
sb,zinb_20260724_000250_sample,26,170430,1611,0.00963620411359507,0.01739277122572317,0.23306498798533365,14.984278010288838,0.09229763253996941,0.0,0.17883495450430578,frac(samples>0)
sb,zinb_20260724_000250_sample,27,170430,1619,0.00995819317945273,0.01739643842046588,0.24290828895638444,14.993138126292628,0.10144462778118035,0.0,0.23206205192332904,frac(samples>0)
sb,zinb_20260724_000250_sample,28,170430,1635,0.009740731732992098,0.01764113198967318,0.25353893380373227,15.968998473112554,0.10131418575568625,0.0,0.19362546518500584,frac(samples>0)
sb,zinb_20260724_000250_sample,29,170430,1647,0.010281168365213032,0.017479041982045414,0.2423544493263483,15.74900386945707,0.09103914153495168,0.0,0.2589458363233846,frac(samples>0)
sb,zinb_20260724_000250_sample,30,170430,1641,0.009917213633533721,0.017513238573021183,0.25313811023768623,17.282145032776086,0.08757874108516144,0.0,0.25611679010337973,frac(samples>0)
sb,zinb_20260724_000250_sample,31,170430,1649,0.009607174282078202,0.017634347679399167,0.26092485054887626,17.355764856133916,0.09390728832795256,0.0,0.1674692352639873,frac(samples>0)
sb,zinb_20260724_000250_sample,32,170430,1679,0.010016673632745662,0.01776150765710262,0.27454682723026963,17.768593659827474,0.1004885719788595,0.0,0.15405165292908415,frac(samples>0)
sb,zinb_20260724_000250_sample,33,170430,1692,0.009807846024325438,0.01800904330223552,0.2622760259365627,17.32145759684362,0.09121713453110135,0.0,0.12353077776741206,frac(samples>0)
sb,zinb_20260724_000250_sample,34,170430,1705,0.00990195636030193,0.017989790529836295,0.2822586628036978,19.432743768398364,0.08873916595949034,0.0,0.09916203196878015,frac(samples>0)
sb,zinb_20260724_000250_sample,35,170430,1742,0.010094321517381962,0.01828096579240744,0.3072646225122319,20.50422466533466,0.09869552219331966,0.0,0.16541486689658985,frac(samples>0)
sb,zinb_20260724_000250_sample,36,170430,1761,0.010306910315849273,0.01833047292143402,0.9683808978302727,84.49389548196517,0.09632716428906743,0.0,0.3937743304220069,frac(samples>0)
ns,zinb_20260724_000250_sample,1,170430,587,0.00478963671462737,0.004352960159596315,0.0867583098467622,23.64086456042183,0.005352185549101622,0.0,0.052260026165250675,frac(samples>0)
ns,zinb_20260724_000250_sample,2,170430,567,0.003418707241705549,0.0048151183770462945,0.08438590996595592,23.606205909419312,0.005870447860082055,0.0,0.03228498260942284,frac(samples>0)
ns,zinb_20260724_000250_sample,3,170430,566,0.0033264353153951076,0.005300104881769642,0.08211454124409205,21.75215326960432,0.009908294362752335,0.0,0.039916930902812106,frac(samples>0)
ns,zinb_20260724_000250_sample,4,170430,560,0.003227183944825125,0.005511793698292554,0.0755787751356904,19.50440847957507,0.011528945062775521,0.0,0.08079480154347773,frac(samples>0)
ns,zinb_20260724_000250_sample,5,170430,556,0.0032591419590989696,0.00559962301238045,0.08031486527144975,19.36676596363725,0.017190038572299886,0.0,0.12509582267681923,frac(samples>0)
ns,zinb_20260724_000250_sample,6,170430,541,0.0032681046884131086,0.005486581734436426,0.0812294636703584,19.869050369740854,0.01821648984518938,0.0,0.04054649423511836,frac(samples>0)
ns,zinb_20260724_000250_sample,7,170430,525,0.0030356586374353793,0.0052715924426450745,0.08257550729367295,19.23392857456491,0.02339855334695332,0.0,0.06631842375701698,frac(samples>0)
ns,zinb_20260724_000250_sample,8,170430,515,0.00298479561968023,0.005126463210702341,0.08150679564873657,19.07266383783042,0.023945980672286194,0.0,0.15314266743376567,frac(samples>0)
ns,zinb_20260724_000250_sample,9,170430,510,0.003031052624331961,0.005028549111071995,0.08228369071722932,19.074479166652058,0.02528027915457183,0.0,0.06212944918299688,frac(samples>0)
ns,zinb_20260724_000250_sample,10,170430,524,0.003081518758885434,0.005095750454732148,0.08495890887639182,19.0743976733043,0.02639437370659073,0.0,0.14894796526110973,frac(samples>0)
ns,zinb_20260724_000250_sample,11,170430,516,0.0029749272253876,0.004991510444170628,0.08249006253657176,18.334362887625776,0.02706222034731113,0.0,0.03670999228920586,frac(samples>0)
ns,zinb_20260724_000250_sample,12,170430,521,0.00302281317610709,0.0049196334272135185,0.07857028984750009,16.44550743493146,0.02838357665050203,0.0,0.022257350834891082,frac(samples>0)
ns,zinb_20260724_000250_sample,13,170430,516,0.0030252148390261936,0.004881494601889339,0.0715168986633225,14.02371002932967,0.029146454465529287,0.0,0.037784661342620304,frac(samples>0)
ns,zinb_20260724_000250_sample,14,170430,509,0.0029382712508369507,0.004889012351111894,0.06451567400323144,12.80893909639893,0.02633963030057308,0.0,0.008326462540829955,frac(samples>0)
ns,zinb_20260724_000250_sample,15,170430,505,0.0031117133467253506,0.004777804670539224,0.06823751107238586,12.761881187469653,0.03051327946090656,0.0,0.07532028535717808,frac(samples>0)
ns,zinb_20260724_000250_sample,16,170430,504,0.0030585264706739644,0.004713445402804671,0.06275257786400042,11.875155014636379,0.02771702810626305,0.0,0.08133202633613916,frac(samples>0)
ns,zinb_20260724_000250_sample,17,170430,506,0.0029645337507676977,0.004747091914569031,0.07571987298498731,12.269731965254653,0.039408521329609314,0.0,0.03738298513340088,frac(samples>0)
ns,zinb_20260724_000250_sample,18,170430,518,0.00307292232080001,0.00479907440004694,0.06539506699074807,12.036951014635415,0.02889813928181675,0.0,0.03794469487218007,frac(samples>0)
ns,zinb_20260724_000250_sample,19,170430,526,0.0030875087924993995,0.0048610499911987326,0.06673661819733218,11.801598146430326,0.030407060542123623,0.0,0.020651750037728362,frac(samples>0)
ns,zinb_20260724_000250_sample,20,170430,514,0.0029863094346027435,0.00484858152907352,0.07879087006703708,12.00504620660256,0.04271365989860529,0.0,0.123305703651671,frac(samples>0)
ns,zinb_20260724_000250_sample,21,170430,509,0.002987006903564643,0.004795223845567095,0.0614425648032888,12.002977655435709,0.025671580868802172,0.0,0.0521908746259208,frac(samples>0)
ns,zinb_20260724_000250_sample,22,170430,516,0.0030828826754015328,0.004780096667253418,0.06305255488532603,11.809199371700023,0.02738149918964243,0.0,0.037897146750927944,frac(samples>0)
ns,zinb_20260724_000250_sample,23,170430,498,0.002903658002460976,0.004626807927008156,0.05830656308423939,10.692865211726073,0.027141095679491415,0.0,0.03198295590467911,frac(samples>0)
ns,zinb_20260724_000250_sample,24,170430,492,0.0029041491334035876,0.004658895881006865,0.06168221618654701,10.528518801449033,0.031378907921478905,0.0,0.33953064420353807,frac(samples>0)
ns,zinb_20260724_000250_sample,25,170430,477,0.002804342343942264,0.004523759754738016,0.05564234598623869,11.27119365835902,0.0241641256782605,0.0,0.042115706949789077,frac(samples>0)
ns,zinb_20260724_000250_sample,26,170430,467,0.0028473205128543306,0.004483879011911048,0.05886929314905948,11.211255349809148,0.028226363285146387,0.0,0.06150328291234061,frac(samples>0)
ns,zinb_20260724_000250_sample,27,170430,459,0.0027369962515178077,0.004507715777738661,0.059161478228911206,11.373502178535611,0.02860754619673645,0.0,0.029082872004663373,frac(samples>0)
ns,zinb_20260724_000250_sample,28,170430,463,0.0027305799630575915,0.004508815936161474,0.059904451817859895,11.427207073160561,0.02893925790562004,0.0,0.03319177743449725,frac(samples>0)
ns,zinb_20260724_000250_sample,29,170430,451,0.002685262705166729,0.004352318400516341,0.055689011063820834,11.694221177677358,0.024808855237849953,0.0,0.08224756131735089,frac(samples>0)
ns,zinb_20260724_000250_sample,30,170430,434,0.002572690313429928,0.0042764991492108195,0.054046382931786395,11.202764977353372,0.025583690456793057,0.0,0.01792960163676434,frac(samples>0)
ns,zinb_20260724_000250_sample,31,170430,404,0.002473162013917186,0.004139804465176319,0.05532944304002448,11.245552291521932,0.028740274143581053,0.0,0.0650580092654036,frac(samples>0)
ns,zinb_20260724_000250_sample,32,170430,391,0.002407567715291706,0.004063343454790824,0.054992061129815493,11.603540600127424,0.028436491650178086,0.0,0.11405467500758545,frac(samples>0)
ns,zinb_20260724_000250_sample,33,170430,391,0.002606168520283131,0.004027588306049404,0.05768607549737864,11.692615089914225,0.030931876492226958,0.0,0.044074770756714746,frac(samples>0)
ns,zinb_20260724_000250_sample,34,170430,388,0.0023366820107187055,0.003954611130669483,0.06229821016689264,11.822406578616997,0.03546412184189857,0.0,0.11740003279562315,frac(samples>0)
ns,zinb_20260724_000250_sample,35,170430,381,0.002224140331146805,0.003934349879716012,0.05547411374318021,11.882750985562176,0.02897473716252971,0.0,0.024896108410736584,frac(samples>0)
ns,zinb_20260724_000250_sample,36,170430,379,0.0022577253932187487,0.00390400384322009,0.05975446215780633,12.058459762198787,0.0330124300103004,0.0,0.05422041572586373,frac(samples>0)
os,zinb_20260724_000250_sample,1,170430,706,0.004730870784565119,0.005326325324180015,0.03275850105857804,6.619799044215392,0.005358424325359932,0.0,0.0895526140013919,frac(samples>0)
os,zinb_20260724_000250_sample,2,170430,718,0.0043724130724241035,0.005708905415713196,0.033116968939689476,6.549268803432128,0.005549106813466402,0.0,0.0426678017929187,frac(samples>0)
os,zinb_20260724_000250_sample,3,170430,718,0.005035241072539529,0.005887314439946019,0.03457752087482514,6.728368733700853,0.00625812041516945,0.0,0.07049255097081122,frac(samples>0)
os,zinb_20260724_000250_sample,4,170430,733,0.00446471412691766,0.00609579446106906,0.03725787347100335,6.75157742109785,0.00825561516113059,0.0,0.0828073267674245,frac(samples>0)
os,zinb_20260724_000250_sample,5,170430,746,0.00456528017297556,0.006286213548084257,0.040102883025445145,6.7923299262235215,0.01041734181810818,0.0,0.03955291434965536,frac(samples>0)
os,zinb_20260724_000250_sample,6,170430,748,0.004592787521670892,0.006326094290911225,0.046090588533645054,6.73581634242745,0.016600631650106636,0.0,0.04728025165374632,frac(samples>0)
os,zinb_20260724_000250_sample,7,170430,756,0.004458505154828232,0.006375968139412076,0.04308541272691751,6.662925759113576,0.0135900315732445,0.0,0.1607670770440271,frac(samples>0)
os,zinb_20260724_000250_sample,8,170430,766,0.004807248074958268,0.006454262747168925,0.04408169812177196,6.4992452647741255,0.014937888639172808,0.0,0.09414098056889102,frac(samples>0)
os,zinb_20260724_000250_sample,9,170430,759,0.005819990761996846,0.006439593968198087,0.044993454039067106,6.5071640335249175,0.01608581826259522,0.0,0.10432187220596108,frac(samples>0)
os,zinb_20260724_000250_sample,10,170430,761,0.004717209895865768,0.006505511793698292,0.04716736684752617,6.465485380989415,0.018379904148023155,0.0,0.08099201267220005,frac(samples>0)
os,zinb_20260724_000250_sample,11,170430,770,0.004605779373450909,0.006587748635803556,0.059769771565220724,6.872483765653201,0.02885034579929036,0.0,0.06003297862062314,frac(samples>0)
os,zinb_20260724_000250_sample,12,170430,747,0.004558938052691061,0.006455912984803145,0.04974045443390063,7.288675543773605,0.01787229727179977,0.0,0.11898643899482686,frac(samples>0)
os,zinb_20260724_000250_sample,13,170430,748,0.004399340444901294,0.006500011001584228,0.046932483548546025,6.651800632018616,0.01781659986580058,0.0,0.15125495099658476,frac(samples>0)
os,zinb_20260724_000250_sample,14,170430,750,0.004465779669484506,0.00651211274423517,0.04906660742939256,6.542312500019868,0.020365909530743007,0.0,0.07376840806605259,frac(samples>0)
os,zinb_20260724_000250_sample,15,170430,760,0.004578788218021334,0.006611218682156897,0.05054393640875585,6.66104029737609,0.020933650357390417,0.0,0.46799237886058237,frac(samples>0)
os,zinb_20260724_000250_sample,16,170430,776,0.0046523193069892745,0.006715275332981283,0.050356818016771276,6.750885952830545,0.019708494908471513,0.0,0.07445384239926844,frac(samples>0)
os,zinb_20260724_000250_sample,17,170430,794,0.004753540024671808,0.006799345772457901,0.050691082628539684,6.8903691752131095,0.018677215256565877,0.0,0.04480081192386658,frac(samples>0)
os,zinb_20260724_000250_sample,18,170430,790,0.00473551770785287,0.006786143871384146,0.05100581986874557,7.106526899375493,0.01814881885005699,0.0,0.09996716744023318,frac(samples>0)
os,zinb_20260724_000250_sample,19,170430,792,0.004587897415493442,0.006879840697060376,0.05529176191418781,7.308909407036022,0.021426323893599896,0.0,0.024766924105988592,frac(samples>0)
os,zinb_20260724_000250_sample,20,170430,780,0.004607585587234597,0.006771841811887579,0.05876285135050912,7.523036858869287,0.02444435016651474,0.0,0.036354761464166635,frac(samples>0)
os,zinb_20260724_000250_sample,21,170430,779,0.004626849694601364,0.006756439593968198,0.05586742002785622,7.689265083631594,0.020816540398810052,0.0,0.06672914102192802,frac(samples>0)
os,zinb_20260724_000250_sample,22,170430,802,0.004760599976577443,0.006860587924661151,0.05977023083788544,7.696052836723384,0.023665939978356535,0.0,0.05273361891363562,frac(samples>0)
os,zinb_20260724_000250_sample,23,170430,826,0.0048628491740062415,0.007036429912574077,0.07688099544018617,10.169302360837959,0.02772920628533982,0.0,0.0436409664539404,frac(samples>0)
os,zinb_20260724_000250_sample,24,170430,831,0.005077583138886392,0.007096296866748812,0.07286367602495529,10.419505863754184,0.022167270633396446,0.0,0.07848404295124672,frac(samples>0)
os,zinb_20260724_000250_sample,25,170430,862,0.00518558203501163,0.007249402247256938,0.07915456507413773,11.135984628874022,0.022947099544111428,0.0,0.029869143027463838,frac(samples>0)
os,zinb_20260724_000250_sample,26,170430,850,0.005024607385520037,0.007235283547497506,0.08498806298650788,12.311783088331714,0.023702676905935728,0.0,0.08729303066639285,frac(samples>0)
os,zinb_20260724_000250_sample,27,170430,844,0.004922380843353276,0.007163864929883236,0.08641918601476621,13.348470823715719,0.02041626370856402,0.0,0.02695820186090739,frac(samples>0)
os,zinb_20260724_000250_sample,28,170430,848,0.005018567668816387,0.0072091547849557,0.09495201513227153,14.716815302034243,0.021834938630680138,0.0,0.11978210446684576,frac(samples>0)
os,zinb_20260724_000250_sample,29,170430,841,0.004995147614546039,0.007158364137769172,0.0947256571992437,14.668159186671733,0.022455300051749682,0.0,0.05557996582048178,frac(samples>0)
os,zinb_20260724_000250_sample,30,170430,828,0.00484676265886451,0.007080986328697999,0.09284420266125828,14.9200067938022,0.020457729474239853,0.0,0.04981940718138738,frac(samples>0)
os,zinb_20260724_000250_sample,31,170430,836,0.004907558496491939,0.007137644487472863,0.10627604142488892,14.8193779834613,0.03374898726293485,0.0,0.1719839108600854,frac(samples>0)
os,zinb_20260724_000250_sample,32,170430,826,0.004985374226314668,0.007064667312092941,0.09305469950029689,14.847325211593805,0.021198921081219294,0.0,0.07811651155896068,frac(samples>0)
os,zinb_20260724_000250_sample,33,170430,815,0.004805959032002494,0.007007459074106671,0.09391529976929051,15.260793712360362,0.021038455703248464,0.0,0.04551807876623593,frac(samples>0)
os,zinb_20260724_000250_sample,34,170430,812,0.004702909926556576,0.006981788710907704,0.09671355223569841,15.325989070802633,0.023807541546524206,0.0,0.0709591737385598,frac(samples>0)
os,zinb_20260724_000250_sample,35,170430,806,0.004758649354207678,0.007013051546089303,0.09565483264741795,15.690931296313446,0.021550974527606973,0.0,0.050065061635282716,frac(samples>0)
os,zinb_20260724_000250_sample,36,170430,804,0.004688798949316775,0.006988481341313149,0.08744508439773008,14.116449004076236,0.02094985871639868,0.0,0.10067348976216144,frac(samples>0)
